[{"menoKlienta":"Kovac","id":"bezUc1","rovnakeId":4709,"aktualnyZostatok":60707.83,"typUctu":"bežný","urok":5.0},{"menoKlienta":"Vysoka","id":"spUc2","rovnakeId":7435,"aktualnyZostatok":147495.45,"typUctu":"sporiaci","urok":5.0},{"menoKlienta":"Petrik","id":"bezUc3","rovnakeId":1859,"aktualnyZostatok":121.38,"typUctu":"bežný","urok":2.0},{"menoKlienta":"Suchy","id":"spUc4","rovnakeId":7382,"aktualnyZostatok":157498.95,"typUctu":"sporiaci","urok":5.0},{"menoKlienta":"Kovac","id":"spUc5","rovnakeId":7121,"aktualnyZostatok":16996.66,"typUctu":"sporiaci","urok":5.0},{"menoKlienta":"Kovacova","id":"bezUc6","rovnakeId":2770,"aktualnyZostatok":0.0,"typUctu":"Bežný","urok":0.0},{"menoKlienta":"Kovacova","id":"bezUc7","rovnakeId":4666,"aktualnyZostatok":0.0,"typUctu":"Bežný","urok":0.0},{"menoKlienta":"Kovacova","id":"bezUc8","rovnakeId":4522,"aktualnyZostatok":1660.54,"typUctu":"Bežný","urok":2.0},{"menoKlienta":"Lakatos","id":"bezUc9","rovnakeId":1071,"aktualnyZostatok":1525.41,"typUctu":"Bežný","urok":2.0},{"menoKlienta":"Kral","id":"bezUc10","rovnakeId":3364,"aktualnyZostatok":121.38,"typUctu":"Bežný","urok":2.0},{"menoKlienta":"Kralova","id":"bezUc11","rovnakeId":4328,"aktualnyZostatok":100.98,"typUctu":"Bežný","urok":2.0},{"menoKlienta":"Mila","id":"spUc12","rovnakeId":7974,"aktualnyZostatok":15876.4,"typUctu":"Sporiaci","urok":5.0},{"menoKlienta":"novy","id":"bezUc13","rovnakeId":3681,"aktualnyZostatok":100.98,"typUctu":"bežný","urok":2.0},{"menoKlienta":"Novak","id":"bezUc14","rovnakeId":4766,"aktualnyZostatok":121.38,"typUctu":"Bežný","urok":2.0},{"menoKlienta":"Kovacova","id":"bezUc15","rovnakeId":1120,"aktualnyZostatok":1018.98,"typUctu":"Bežný","urok":2.0},{"menoKlienta":"Kovacova","id":"bezUc16","rovnakeId":2554,"aktualnyZostatok":1018.98,"typUctu":"Bežný","urok":2.0},{"menoKlienta":"Kovacova","id":"spUc17","rovnakeId":8392,"aktualnyZostatok":1528.98,"typUctu":"sporiaci","urok":2.0},{"menoKlienta":"Rusnak","id":"bezUc18","rovnakeId":3089,"aktualnyZostatok":111.18,"typUctu":"Bežný","urok":2.0},{"menoKlienta":"Marek","id":"bezUc19","rovnakeId":2545,"aktualnyZostatok":29554.13,"typUctu":"Bežný","urok":5.0},{"menoKlienta":"Horvath","id":"bezUc20","rovnakeId":0,"aktualnyZostatok":2498.0,"typUctu":"bežný","urok":0.0},{"menoKlienta":"Horvath","id":"bezUc21","rovnakeId":0,"aktualnyZostatok":2498.0,"typUctu":"bežný","urok":0.0},{"menoKlienta":"Horvath","id":"bezUc22","rovnakeId":0,"aktualnyZostatok":2498.0,"typUctu":"bežný","urok":0.0},{"menoKlienta":"Horvath","id":"bezUc23","rovnakeId":0,"aktualnyZostatok":2498.0,"typUctu":"bežný","urok":0.0},{"menoKlienta":"Horvath","id":"bezUc24","rovnakeId":0,"aktualnyZostatok":2498.0,"typUctu":"bežný","urok":0.0},{"menoKlienta":"Horvath","id":"bezUc25","rovnakeId":0,"aktualnyZostatok":2498.0,"typUctu":"bežný","urok":0.0},{"menoKlienta":"Horvath","id":"bezUc26","rovnakeId":0,"aktualnyZostatok":2498.0,"typUctu":"bežný","urok":0.0},{"menoKlienta":"Horvath","id":"bezUc27","rovnakeId":0,"aktualnyZostatok":2498.0,"typUctu":"bežný","urok":0.0},{"menoKlienta":"Horvath","id":"bezUc28","rovnakeId":0,"aktualnyZostatok":2498.0,"typUctu":"bežný","urok":0.0},{"menoKlienta":"Horvath","id":"bezUc29","rovnakeId":0,"aktualnyZostatok":2498.0,"typUctu":"bežný","urok":0.0}]