<?xml version="1.0" encoding="UTF-8" standalone="no"?><klienti><Klient><meno>Igor</meno><priezvisko>Kovac</priezvisko><rodne_cislo>123456</rodne_cislo><ID_klienta>KLBO1</ID_klienta><cislo_klienta_a_uctu>4709</cislo_klienta_a_uctu></Klient><Klient><meno>Zdenka</meno><priezvisko>Vysoka</priezvisko><rodne_cislo>789456</rodne_cislo><ID_klienta>KLBO2</ID_klienta><cislo_klienta_a_uctu>7435</cislo_klienta_a_uctu></Klient><Klient><meno>Simona</meno><priezvisko>Petrik</priezvisko><rodne_cislo>789456</rodne_cislo><ID_klienta>KLBO3</ID_klienta><cislo_klienta_a_uctu>1859</cislo_klienta_a_uctu></Klient><Klient><meno>Ivan</meno><priezvisko>Suchy</priezvisko><rodne_cislo>123456</rodne_cislo><ID_klienta>KLBO4</ID_klienta><cislo_klienta_a_uctu>7382</cislo_klienta_a_uctu></Klient><Klient><meno>Jan</meno><priezvisko>Kovac</priezvisko><rodne_cislo>456123</rodne_cislo><ID_klienta>KLBO5</ID_klienta><cislo_klienta_a_uctu>7121</cislo_klienta_a_uctu></Klient><Klient><meno>Gejza</meno><priezvisko>Lakatos</priezvisko><rodne_cislo>987654</rodne_cislo><ID_klienta>KLBO10</ID_klienta><cislo_klienta_a_uctu>1071</cislo_klienta_a_uctu></Klient><Klient><meno>Jan</meno><priezvisko>Kral</priezvisko><rodne_cislo>123456</rodne_cislo><ID_klienta>KLBO11</ID_klienta><cislo_klienta_a_uctu>3364</cislo_klienta_a_uctu></Klient><Klient><meno>Simona</meno><priezvisko>Kralova</priezvisko><rodne_cislo>123456</rodne_cislo><ID_klienta>KLBO12</ID_klienta><cislo_klienta_a_uctu>4328</cislo_klienta_a_uctu></Klient><Klient><meno>Zuzana</meno><priezvisko>Mila</priezvisko><rodne_cislo>789456</rodne_cislo><ID_klienta>KLBO13</ID_klienta><cislo_klienta_a_uctu>7974</cislo_klienta_a_uctu></Klient><Klient><meno>Peter</meno><priezvisko>novy</priezvisko><rodne_cislo>123456</rodne_cislo><ID_klienta>KLBO14</ID_klienta><cislo_klienta_a_uctu>3681</cislo_klienta_a_uctu></Klient><Klient><meno>Karol</meno><priezvisko>Novak</priezvisko><rodne_cislo>123456</rodne_cislo><ID_klienta>KLBO15</ID_klienta><cislo_klienta_a_uctu>4766</cislo_klienta_a_uctu></Klient><Klient><meno>Zuzana</meno><priezvisko>Kovacova</priezvisko><rodne_cislo>123456</rodne_cislo><ID_klienta>KLBO12</ID_klienta><cislo_klienta_a_uctu>8392</cislo_klienta_a_uctu></Klient><Klient><meno>Igor</meno><priezvisko>Rusnak</priezvisko><rodne_cislo>789456</rodne_cislo><ID_klienta>KLBO13</ID_klienta><cislo_klienta_a_uctu>3089</cislo_klienta_a_uctu></Klient><Klient><meno>Tomas</meno><priezvisko>Marek</priezvisko><rodne_cislo>123456</rodne_cislo><ID_klienta>KLBO14</ID_klienta><cislo_klienta_a_uctu>2545</cislo_klienta_a_uctu></Klient><Klient><meno>Igor</meno><priezvisko>Biely</priezvisko><rodne_cislo>123456</rodne_cislo><ID_klienta>KLBO19</ID_klienta><cislo_klienta_a_uctu>0</cislo_klienta_a_uctu></Klient><Klient><meno>Igor</meno><priezvisko>Biely</priezvisko><rodne_cislo>123456</rodne_cislo><ID_klienta>KLBO20</ID_klienta><cislo_klienta_a_uctu>0</cislo_klienta_a_uctu></Klient></klienti>