[{"meno":"Igor","priezvisko":"Kovac","rodneCislo":123456,"id":"KLBO1","rovnakeId":4709,"beznyUcet":{"menoKlienta":null,"id":null,"rovnakeId":0,"aktualnyZostatok":0.0,"typUctu":null,"urok":0.0}},{"meno":"Zdenka","priezvisko":"Vysoka","rodneCislo":789456,"id":"KLBO2","rovnakeId":7435,"beznyUcet":{"menoKlienta":null,"id":null,"rovnakeId":0,"aktualnyZostatok":0.0,"typUctu":null,"urok":0.0}},{"meno":"Simona","priezvisko":"Petrik","rodneCislo":789456,"id":"KLBO3","rovnakeId":1859,"beznyUcet":{"menoKlienta":null,"id":null,"rovnakeId":0,"aktualnyZostatok":0.0,"typUctu":null,"urok":0.0}},{"meno":"Ivan","priezvisko":"Suchy","rodneCislo":123456,"id":"KLBO4","rovnakeId":7382,"beznyUcet":{"menoKlienta":null,"id":null,"rovnakeId":0,"aktualnyZostatok":0.0,"typUctu":null,"urok":0.0}},{"meno":"Jan","priezvisko":"Kovac","rodneCislo":456123,"id":"KLBO5","rovnakeId":7121,"beznyUcet":{"menoKlienta":null,"id":null,"rovnakeId":0,"aktualnyZostatok":0.0,"typUctu":null,"urok":0.0}},{"meno":"Gejza","priezvisko":"Lakatos","rodneCislo":987654,"id":"KLBO10","rovnakeId":1071,"beznyUcet":{"menoKlienta":null,"id":null,"rovnakeId":0,"aktualnyZostatok":0.0,"typUctu":null,"urok":0.0}},{"meno":"Jan","priezvisko":"Kral","rodneCislo":123456,"id":"KLBO11","rovnakeId":3364,"beznyUcet":{"menoKlienta":null,"id":null,"rovnakeId":0,"aktualnyZostatok":0.0,"typUctu":null,"urok":0.0}},{"meno":"Simona","priezvisko":"Kralova","rodneCislo":123456,"id":"KLBO12","rovnakeId":4328,"beznyUcet":{"menoKlienta":null,"id":null,"rovnakeId":0,"aktualnyZostatok":0.0,"typUctu":null,"urok":0.0}},{"meno":"Zuzana","priezvisko":"Mila","rodneCislo":789456,"id":"KLBO13","rovnakeId":7974,"beznyUcet":{"menoKlienta":null,"id":null,"rovnakeId":0,"aktualnyZostatok":0.0,"typUctu":null,"urok":0.0}},{"meno":"Peter","priezvisko":"novy","rodneCislo":123456,"id":"KLBO14","rovnakeId":3681,"beznyUcet":{"menoKlienta":null,"id":null,"rovnakeId":0,"aktualnyZostatok":0.0,"typUctu":null,"urok":0.0}},{"meno":"Karol","priezvisko":"Novak","rodneCislo":123456,"id":"KLBO15","rovnakeId":4766,"beznyUcet":{"menoKlienta":null,"id":null,"rovnakeId":0,"aktualnyZostatok":0.0,"typUctu":null,"urok":0.0}},{"meno":"Zuzana","priezvisko":"Kovacova","rodneCislo":123456,"id":"KLBO12","rovnakeId":8392,"beznyUcet":{"menoKlienta":null,"id":null,"rovnakeId":0,"aktualnyZostatok":0.0,"typUctu":null,"urok":0.0}},{"meno":"Igor","priezvisko":"Rusnak","rodneCislo":789456,"id":"KLBO13","rovnakeId":3089,"beznyUcet":{"menoKlienta":null,"id":null,"rovnakeId":0,"aktualnyZostatok":0.0,"typUctu":null,"urok":0.0}},{"meno":"Tomas","priezvisko":"Marek","rodneCislo":123456,"id":"KLBO14","rovnakeId":2545,"beznyUcet":{"menoKlienta":null,"id":null,"rovnakeId":0,"aktualnyZostatok":0.0,"typUctu":null,"urok":0.0}},{"meno":"Igor","priezvisko":"Biely","rodneCislo":123456,"id":"KLBO19","rovnakeId":0,"beznyUcet":null},{"meno":"Igor","priezvisko":"Biely","rodneCislo":123456,"id":"KLBO20","rovnakeId":0,"beznyUcet":null},{"meno":"Ivan","priezvisko":"Horvath","rodneCislo":123456,"id":"KLBO17","rovnakeId":0,"beznyUcet":null},{"meno":"Ivan","priezvisko":"Horvath","rodneCislo":123456,"id":"KLBO18","rovnakeId":0,"beznyUcet":null},{"meno":"Karol","priezvisko":"Dolny","rodneCislo":789456,"id":"KLBO19","rovnakeId":0,"beznyUcet":null},{"meno":"Karol","priezvisko":"Dolny","rodneCislo":789456,"id":"KLBO20","rovnakeId":0,"beznyUcet":null},{"meno":"Karol","priezvisko":"Dolny","rodneCislo":789456,"id":"KLBO21","rovnakeId":0,"beznyUcet":null}]